{
	"killOne" : "https://cdn.discordapp.com/attachments/741552263469858907/765383901988257812/miniGif_20201013032140.gif",
	"killTwo" : "https://cdn.discordapp.com/attachments/741552263469858907/765388140612812850/miniGif_20201013032905.gif",
	"killTree" : "https://cdn.discordapp.com/attachments/741552263469858907/765388233948266546/miniGif_20201013033331.gif",
	"killFwo" : "https://cdn.discordapp.com/attachments/741552263469858907/765388271034826832/miniGif_20201013033552.gif",
	"killFive" : "https://cdn.discordapp.com/attachments/741552263469858907/765388338080514068/miniGif_20201013033821.gif",
	"killSix" : "https://cdn.discordapp.com/attachments/741552263469858907/765391970398896128/miniGif_20201013034325.gif",
	"killSeven" : "https://cdn.discordapp.com/attachments/741552263469858907/765391971040100352/miniGif_20201013034823.gif",
	"killHeigt" : "https://cdn.discordapp.com/attachments/741552263469858907/765391971417980968/miniGif_20201013034957.gif",
	"killNine" : "https://cdn.discordapp.com/attachments/741552263469858907/765391972017373184/miniGif_20201013035243.gif",
	"killTen" : "https://cdn.discordapp.com/attachments/741552263469858907/765391970725789746/miniGif_20201013034521.gif",
	"killkill" : "https://cdn.discordapp.com/attachments/741552263469858907/765391971694149689/miniGif_20201013035203.gif",
	"punchOne" : "https://i.pinimg.com/originals/f3/ec/8c/f3ec8c256cb22279c14bfdc48c92e5ab.gif",
	"punchTwo" : "https://thumbs.gfycat.com/UglyNimbleHorseshoebat-size_restricted.gif",
	"punchTree" : "https://media.giphy.com/media/zEtrGe4he8H7y/giphy.gif",
	"punchFwo" : "https://media.giphy.com/media/qPzZQtsv21zjy/giphy.gif",
	"punchFive" : "https://media.giphy.com/media/AlsIdbTgxX0LC/giphy.gif",
	"punchSix" : "https://media.giphy.com/media/eiw5mph3qBvdiiHxMa/giphy.gif",
	"punchSeven" : "https://media.giphy.com/media/zEtrGe4he8H7y/giphy.gif",
	"punchHeigt" : "https://media.giphy.com/media/VWRGVjCo3Xcac/giphy.gif",
	"punchNine" : "https://media.giphy.com/media/GFpKCxtUOHSzC/giphy.gif",
	"punchTen" : "https://media.giphy.com/media/TlK63EArT015kVFM7Ty/giphy.gif"
}